BEGIN TRANSACTION;
CREATE TABLE "auth_group" ("id" integer NOT NULL PRIMARY KEY AUTOINCREMENT, "name" varchar(80) NOT NULL UNIQUE);
CREATE TABLE "auth_group_permissions" ("id" integer NOT NULL PRIMARY KEY AUTOINCREMENT, "group_id" integer NOT NULL REFERENCES "auth_group" ("id"), "permission_id" integer NOT NULL REFERENCES "auth_permission" ("id"));
CREATE TABLE "auth_permission" ("id" integer NOT NULL PRIMARY KEY AUTOINCREMENT, "content_type_id" integer NOT NULL REFERENCES "django_content_type" ("id"), "codename" varchar(100) NOT NULL, "name" varchar(255) NOT NULL);
INSERT INTO "auth_permission" VALUES(1,1,'add_permission','Can add permission');
INSERT INTO "auth_permission" VALUES(2,1,'change_permission','Can change permission');q
INSERT INTO "auth_permission" VALUES(3,1,'delete_permission','Can delete permission');
INSERT INTO "auth_permission" VALUES(4,2,'add_group','Can add group');
INSERT INTO "auth_permission" VALUES(5,2,'change_group','Can change group');
INSERT INTO "auth_permission" VALUES(6,2,'delete_group','Can delete group');
INSERT INTO "auth_permission" VALUES(7,3,'add_contenttype','Can add content type');
INSERT INTO "auth_permission" VALUES(8,3,'change_contenttype','Can change content type');
INSERT INTO "auth_permission" VALUES(9,3,'delete_contenttype','Can delete content type');
INSERT INTO "auth_permission" VALUES(10,4,'add_session','Can add session');
INSERT INTO "auth_permission" VALUES(11,4,'change_session','Can change session');
INSERT INTO "auth_permission" VALUES(12,4,'delete_session','Can delete session');
INSERT INTO "auth_permission" VALUES(13,5,'add_logentry','Can add log entry');
INSERT INTO "auth_permission" VALUES(14,5,'change_logentry','Can change log entry');
INSERT INTO "auth_permission" VALUES(15,5,'delete_logentry','Can delete log entry');
INSERT INTO "auth_permission" VALUES(16,6,'add_assignment','Can add Assignment');
INSERT INTO "auth_permission" VALUES(17,6,'change_assignment','Can change Assignment');
INSERT INTO "auth_permission" VALUES(18,6,'delete_assignment','Can delete Assignment');
INSERT INTO "auth_permission" VALUES(19,7,'add_tag','Can add Tag');
INSERT INTO "auth_permission" VALUES(20,7,'change_tag','Can change Tag');
INSERT INTO "auth_permission" VALUES(21,7,'delete_tag','Can delete Tag');
INSERT INTO "auth_permission" VALUES(22,8,'add_course','Can add Course');
INSERT INTO "auth_permission" VALUES(23,8,'change_course','Can change Course');
INSERT INTO "auth_permission" VALUES(24,8,'delete_course','Can delete Course');
INSERT INTO "auth_permission" VALUES(25,9,'add_permalink','Can add Permalink');
INSERT INTO "auth_permission" VALUES(26,9,'change_permalink','Can change Permalink');
INSERT INTO "auth_permission" VALUES(27,9,'delete_permalink','Can delete Permalink');
INSERT INTO "auth_permission" VALUES(28,10,'add_user','Can add User');
INSERT INTO "auth_permission" VALUES(29,10,'change_user','Can change User');
INSERT INTO "auth_permission" VALUES(30,10,'delete_user','Can delete User');
INSERT INTO "auth_permission" VALUES(31,11,'add_howsolved','Can add how solved');
INSERT INTO "auth_permission" VALUES(32,11,'change_howsolved','Can change how solved');
INSERT INTO "auth_permission" VALUES(33,11,'delete_howsolved','Can delete how solved');
CREATE TABLE "django_admin_log" ("id" integer NOT NULL PRIMARY KEY AUTOINCREMENT, "object_id" text NULL, "object_repr" varchar(200) NOT NULL, "action_flag" smallint unsigned NOT NULL, "change_message" text NOT NULL, "content_type_id" integer NULL REFERENCES "django_content_type" ("id"), "user_id" integer NOT NULL REFERENCES "trix_core_user" ("id"), "action_time" datetime NOT NULL);
CREATE TABLE "django_content_type" ("id" integer NOT NULL PRIMARY KEY AUTOINCREMENT, "app_label" varchar(100) NOT NULL, "model" varchar(100) NOT NULL);
INSERT INTO "django_content_type" VALUES(1,'auth','permission');
INSERT INTO "django_content_type" VALUES(2,'auth','group');
INSERT INTO "django_content_type" VALUES(3,'contenttypes','contenttype');
INSERT INTO "django_content_type" VALUES(4,'sessions','session');
INSERT INTO "django_content_type" VALUES(5,'admin','logentry');
INSERT INTO "django_content_type" VALUES(6,'trix_core','assignment');
INSERT INTO "django_content_type" VALUES(7,'trix_core','tag');
INSERT INTO "django_content_type" VALUES(8,'trix_core','course');
INSERT INTO "django_content_type" VALUES(9,'trix_core','permalink');
INSERT INTO "django_content_type" VALUES(10,'trix_core','user');
INSERT INTO "django_content_type" VALUES(11,'trix_core','howsolved');
CREATE TABLE "django_migrations" ("id" integer NOT NULL PRIMARY KEY AUTOINCREMENT, "app" varchar(255) NOT NULL, "name" varchar(255) NOT NULL, "applied" datetime NOT NULL);
INSERT INTO "django_migrations" VALUES(1,'trix_core','0001_initial','2018-06-19 11:44:32.453865');
INSERT INTO "django_migrations" VALUES(2,'contenttypes','0001_initial','2018-06-19 11:44:32.490520');
INSERT INTO "django_migrations" VALUES(3,'admin','0001_initial','2018-06-19 11:44:32.576309');
INSERT INTO "django_migrations" VALUES(4,'admin','0002_logentry_remove_auto_add','2018-06-19 11:44:32.626130');
INSERT INTO "django_migrations" VALUES(5,'contenttypes','0002_remove_content_type_name','2018-06-19 11:44:32.735147');
INSERT INTO "django_migrations" VALUES(6,'auth','0001_initial','2018-06-19 11:44:32.880281');
INSERT INTO "django_migrations" VALUES(7,'auth','0002_alter_permission_name_max_length','2018-06-19 11:44:32.941255');
INSERT INTO "django_migrations" VALUES(8,'auth','0003_alter_user_email_max_length','2018-06-19 11:44:32.973229');
INSERT INTO "django_migrations" VALUES(9,'auth','0004_alter_user_username_opts','2018-06-19 11:44:33.023114');
INSERT INTO "django_migrations" VALUES(10,'auth','0005_alter_user_last_login_null','2018-06-19 11:44:33.053824');
INSERT INTO "django_migrations" VALUES(11,'auth','0006_require_contenttypes_0002','2018-06-19 11:44:33.063558');
INSERT INTO "django_migrations" VALUES(12,'auth','0007_alter_validators_add_error_messages','2018-06-19 11:44:33.094398');
INSERT INTO "django_migrations" VALUES(13,'auth','0008_alter_user_username_max_length','2018-06-19 11:44:33.131126');
INSERT INTO "django_migrations" VALUES(14,'sessions','0001_initial','2018-06-19 11:44:33.171023');
CREATE TABLE "django_session" ("session_key" varchar(40) NOT NULL PRIMARY KEY, "session_data" text NOT NULL, "expire_date" datetime NOT NULL);
DELETE FROM "sqlite_sequence";
INSERT INTO "sqlite_sequence" VALUES('trix_core_course',1);
INSERT INTO "sqlite_sequence" VALUES('django_migrations',14);
INSERT INTO "sqlite_sequence" VALUES('django_admin_log',5);
INSERT INTO "sqlite_sequence" VALUES('django_content_type',11);
INSERT INTO "sqlite_sequence" VALUES('auth_permission',33);
INSERT INTO "sqlite_sequence" VALUES('trix_core_user',1);
INSERT INTO "sqlite_sequence" VALUES('trix_core_tag',6);
INSERT INTO "sqlite_sequence" VALUES('trix_core_assignment',3);
INSERT INTO "sqlite_sequence" VALUES('trix_core_assignment_tags',91);
INSERT INTO "sqlite_sequence" VALUES('trix_core_permalink',2);
INSERT INTO "sqlite_sequence" VALUES('trix_core_permalink_tags',11);
INSERT INTO "sqlite_sequence" VALUES('trix_core_howsolved',4);
CREATE TABLE "trix_core_assignment" ("id" integer NOT NULL PRIMARY KEY AUTOINCREMENT, "title" varchar(255) NOT NULL, "text" text NOT NULL, "solution" text NOT NULL, "created_datetime" datetime NOT NULL, "lastupdate_datetime" datetime NOT NULL);
INSERT INTO "trix_core_assignment" VALUES(1,'Test','Tekst','None','01.01.2001','20.07.2018');
INSERT INTO "trix_core_assignment" VALUES(2,'Test','Tekst

Mer tekst','','2018-06-21 09:35:57.239107','2018-06-21 13:25:00.941639');
